noise_rate,pattern_index,trial_index,trial_seed,initial_hamming_distance,final_hamming_distance,exact_recall,converged,sweeps
0.1,0,0,1011982,10,0,True,True,2
0.1,0,1,1011983,10,0,True,True,2
0.1,0,2,1011984,10,0,True,True,2
0.1,0,3,1011985,10,0,True,True,2
0.1,0,4,1011986,10,0,True,True,2
0.1,0,5,1011987,10,0,True,True,2
0.1,0,6,1011988,10,0,True,True,2
0.1,0,7,1011989,10,0,True,True,2
0.1,0,8,1011990,10,0,True,True,2
0.1,0,9,1011991,10,0,True,True,2
0.1,0,10,1011992,10,0,True,True,2
0.1,0,11,1011993,10,0,True,True,2
0.1,0,12,1011994,10,0,True,True,2
0.1,0,13,1011995,10,0,True,True,2
0.1,0,14,1011996,10,0,True,True,2
0.1,0,15,1011997,10,0,True,True,2
0.1,0,16,1011998,10,0,True,True,2
0.1,0,17,1011999,10,0,True,True,2
0.1,0,18,1012000,10,0,True,True,2
0.1,0,19,1012001,10,0,True,True,2
0.1,1,0,1021982,10,0,True,True,2
0.1,1,1,1021983,10,0,True,True,2
0.1,1,2,1021984,10,0,True,True,2
0.1,1,3,1021985,10,0,True,True,2
0.1,1,4,1021986,10,0,True,True,2
0.1,1,5,1021987,10,0,True,True,2
0.1,1,6,1021988,10,0,True,True,2
0.1,1,7,1021989,10,0,True,True,2
0.1,1,8,1021990,10,0,True,True,2
0.1,1,9,1021991,10,0,True,True,2
0.1,1,10,1021992,10,0,True,True,2
0.1,1,11,1021993,10,0,True,True,2
0.1,1,12,1021994,10,0,True,True,2
0.1,1,13,1021995,10,0,True,True,2
0.1,1,14,1021996,10,0,True,True,2
0.1,1,15,1021997,10,0,True,True,2
0.1,1,16,1021998,10,0,True,True,2
0.1,1,17,1021999,10,0,True,True,2
0.1,1,18,1022000,10,0,True,True,2
0.1,1,19,1022001,10,0,True,True,2
0.1,2,0,1031982,10,0,True,True,2
0.1,2,1,1031983,10,0,True,True,2
0.1,2,2,1031984,10,0,True,True,2
0.1,2,3,1031985,10,0,True,True,2
0.1,2,4,1031986,10,0,True,True,2
0.1,2,5,1031987,10,0,True,True,2
0.1,2,6,1031988,10,0,True,True,2
0.1,2,7,1031989,10,0,True,True,2
0.1,2,8,1031990,10,0,True,True,2
0.1,2,9,1031991,10,0,True,True,2
0.1,2,10,1031992,10,0,True,True,2
0.1,2,11,1031993,10,0,True,True,2
0.1,2,12,1031994,10,0,True,True,2
0.1,2,13,1031995,10,0,True,True,2
0.1,2,14,1031996,10,0,True,True,2
0.1,2,15,1031997,10,0,True,True,2
0.1,2,16,1031998,10,0,True,True,2
0.1,2,17,1031999,10,0,True,True,2
0.1,2,18,1032000,10,0,True,True,2
0.1,2,19,1032001,10,0,True,True,2
0.1,3,0,1041982,10,0,True,True,2
0.1,3,1,1041983,10,0,True,True,2
0.1,3,2,1041984,10,0,True,True,2
0.1,3,3,1041985,10,0,True,True,2
0.1,3,4,1041986,10,0,True,True,2
0.1,3,5,1041987,10,0,True,True,2
0.1,3,6,1041988,10,0,True,True,2
0.1,3,7,1041989,10,0,True,True,2
0.1,3,8,1041990,10,0,True,True,2
0.1,3,9,1041991,10,0,True,True,2
0.1,3,10,1041992,10,0,True,True,2
0.1,3,11,1041993,10,0,True,True,2
0.1,3,12,1041994,10,0,True,True,2
0.1,3,13,1041995,10,0,True,True,2
0.1,3,14,1041996,10,0,True,True,2
0.1,3,15,1041997,10,0,True,True,2
0.1,3,16,1041998,10,0,True,True,2
0.1,3,17,1041999,10,0,True,True,2
0.1,3,18,1042000,10,0,True,True,2
0.1,3,19,1042001,10,0,True,True,2
0.1,4,0,1051982,10,0,True,True,2
0.1,4,1,1051983,10,0,True,True,2
0.1,4,2,1051984,10,0,True,True,2
0.1,4,3,1051985,10,0,True,True,2
0.1,4,4,1051986,10,0,True,True,2
0.1,4,5,1051987,10,0,True,True,2
0.1,4,6,1051988,10,0,True,True,2
0.1,4,7,1051989,10,0,True,True,2
0.1,4,8,1051990,10,0,True,True,2
0.1,4,9,1051991,10,0,True,True,2
0.1,4,10,1051992,10,0,True,True,2
0.1,4,11,1051993,10,0,True,True,2
0.1,4,12,1051994,10,0,True,True,2
0.1,4,13,1051995,10,0,True,True,2
0.1,4,14,1051996,10,0,True,True,2
0.1,4,15,1051997,10,0,True,True,2
0.1,4,16,1051998,10,0,True,True,2
0.1,4,17,1051999,10,0,True,True,2
0.1,4,18,1052000,10,0,True,True,2
0.1,4,19,1052001,10,0,True,True,2
0.2,0,0,2011982,20,0,True,True,2
0.2,0,1,2011983,20,0,True,True,2
0.2,0,2,2011984,20,0,True,True,2
0.2,0,3,2011985,20,0,True,True,2
0.2,0,4,2011986,20,0,True,True,2
0.2,0,5,2011987,20,0,True,True,2
0.2,0,6,2011988,20,0,True,True,2
0.2,0,7,2011989,20,0,True,True,2
0.2,0,8,2011990,20,0,True,True,2
0.2,0,9,2011991,20,0,True,True,2
0.2,0,10,2011992,20,0,True,True,2
0.2,0,11,2011993,20,0,True,True,2
0.2,0,12,2011994,20,0,True,True,2
0.2,0,13,2011995,20,0,True,True,2
0.2,0,14,2011996,20,0,True,True,2
0.2,0,15,2011997,20,0,True,True,2
0.2,0,16,2011998,20,0,True,True,2
0.2,0,17,2011999,20,0,True,True,2
0.2,0,18,2012000,20,0,True,True,2
0.2,0,19,2012001,20,0,True,True,2
0.2,1,0,2021982,20,0,True,True,2
0.2,1,1,2021983,20,0,True,True,2
0.2,1,2,2021984,20,0,True,True,2
0.2,1,3,2021985,20,0,True,True,2
0.2,1,4,2021986,20,0,True,True,2
0.2,1,5,2021987,20,0,True,True,2
0.2,1,6,2021988,20,0,True,True,2
0.2,1,7,2021989,20,0,True,True,2
0.2,1,8,2021990,20,0,True,True,2
0.2,1,9,2021991,20,0,True,True,2
0.2,1,10,2021992,20,0,True,True,2
0.2,1,11,2021993,20,0,True,True,2
0.2,1,12,2021994,20,0,True,True,2
0.2,1,13,2021995,20,0,True,True,2
0.2,1,14,2021996,20,0,True,True,2
0.2,1,15,2021997,20,0,True,True,2
0.2,1,16,2021998,20,0,True,True,2
0.2,1,17,2021999,20,0,True,True,2
0.2,1,18,2022000,20,0,True,True,2
0.2,1,19,2022001,20,0,True,True,2
0.2,2,0,2031982,20,0,True,True,2
0.2,2,1,2031983,20,0,True,True,2
0.2,2,2,2031984,20,0,True,True,2
0.2,2,3,2031985,20,0,True,True,2
0.2,2,4,2031986,20,0,True,True,2
0.2,2,5,2031987,20,0,True,True,2
0.2,2,6,2031988,20,0,True,True,2
0.2,2,7,2031989,20,0,True,True,2
0.2,2,8,2031990,20,0,True,True,2
0.2,2,9,2031991,20,0,True,True,2
0.2,2,10,2031992,20,0,True,True,2
0.2,2,11,2031993,20,0,True,True,2
0.2,2,12,2031994,20,0,True,True,2
0.2,2,13,2031995,20,0,True,True,2
0.2,2,14,2031996,20,0,True,True,2
0.2,2,15,2031997,20,0,True,True,2
0.2,2,16,2031998,20,0,True,True,2
0.2,2,17,2031999,20,0,True,True,2
0.2,2,18,2032000,20,0,True,True,2
0.2,2,19,2032001,20,0,True,True,2
0.2,3,0,2041982,20,0,True,True,2
0.2,3,1,2041983,20,0,True,True,2
0.2,3,2,2041984,20,0,True,True,2
0.2,3,3,2041985,20,0,True,True,2
0.2,3,4,2041986,20,0,True,True,2
0.2,3,5,2041987,20,0,True,True,2
0.2,3,6,2041988,20,0,True,True,2
0.2,3,7,2041989,20,0,True,True,2
0.2,3,8,2041990,20,0,True,True,2
0.2,3,9,2041991,20,0,True,True,2
0.2,3,10,2041992,20,0,True,True,2
0.2,3,11,2041993,20,0,True,True,2
0.2,3,12,2041994,20,0,True,True,2
0.2,3,13,2041995,20,0,True,True,2
0.2,3,14,2041996,20,0,True,True,2
0.2,3,15,2041997,20,0,True,True,2
0.2,3,16,2041998,20,0,True,True,2
0.2,3,17,2041999,20,0,True,True,2
0.2,3,18,2042000,20,0,True,True,2
0.2,3,19,2042001,20,0,True,True,2
0.2,4,0,2051982,20,0,True,True,2
0.2,4,1,2051983,20,0,True,True,2
0.2,4,2,2051984,20,0,True,True,2
0.2,4,3,2051985,20,0,True,True,2
0.2,4,4,2051986,20,0,True,True,2
0.2,4,5,2051987,20,0,True,True,2
0.2,4,6,2051988,20,0,True,True,2
0.2,4,7,2051989,20,0,True,True,2
0.2,4,8,2051990,20,0,True,True,2
0.2,4,9,2051991,20,0,True,True,2
0.2,4,10,2051992,20,0,True,True,2
0.2,4,11,2051993,20,0,True,True,2
0.2,4,12,2051994,20,0,True,True,2
0.2,4,13,2051995,20,0,True,True,2
0.2,4,14,2051996,20,0,True,True,2
0.2,4,15,2051997,20,0,True,True,2
0.2,4,16,2051998,20,0,True,True,2
0.2,4,17,2051999,20,0,True,True,2
0.2,4,18,2052000,20,0,True,True,2
0.2,4,19,2052001,20,0,True,True,2
