pattern_seed,a_idx,b_idx,pair_hamming,cue_idx,d_pair,d_other_min,margin,classification,other_distances
1982,0,1,54,0,27,47,20,PAIR_ISOLATED,47;51;49
1982,0,1,54,1,27,45,18,PAIR_ISOLATED,51;57;45
1982,0,1,54,2,27,49,22,PAIR_ISOLATED,61;61;49
1982,0,1,54,3,27,51,24,PAIR_ISOLATED,53;51;53
1982,0,1,54,4,27,49,22,PAIR_ISOLATED,55;53;49
1982,0,1,54,5,27,47,20,PAIR_ISOLATED,49;57;47
1982,0,1,54,6,27,49,22,PAIR_ISOLATED,49;61;53
1982,0,1,54,7,27,43,16,PAIR_ISOLATED,43;55;47
1982,0,1,54,8,27,45,18,PAIR_ISOLATED,47;55;45
1982,0,1,54,9,27,49,22,PAIR_ISOLATED,49;55;49
1982,0,2,56,0,28,46,18,PAIR_ISOLATED,46;48;46
1982,0,2,56,1,28,52,24,PAIR_ISOLATED,54;52;56
1982,0,2,56,2,28,48,20,PAIR_ISOLATED,50;50;48
1982,0,2,56,3,28,46,18,PAIR_ISOLATED,46;52;54
1982,0,2,56,4,28,52,24,PAIR_ISOLATED,58;52;52
1982,0,2,56,5,28,44,16,PAIR_ISOLATED,44;54;48
1982,0,2,56,6,28,44,16,PAIR_ISOLATED,54;48;44
1982,0,2,56,7,28,48,20,PAIR_ISOLATED,48;54;48
1982,0,2,56,8,28,52,24,PAIR_ISOLATED,56;52;52
1982,0,2,56,9,28,52,24,PAIR_ISOLATED,52;52;52
1982,0,3,56,0,28,46,18,PAIR_ISOLATED,52;52;46
1982,0,3,56,1,28,46,18,PAIR_ISOLATED,56;48;46
1982,0,3,56,2,28,46,18,PAIR_ISOLATED,52;46;52
1982,0,3,56,3,28,48,20,PAIR_ISOLATED,56;48;50
1982,0,3,56,4,28,48,20,PAIR_ISOLATED,48;52;48
1982,0,3,56,5,28,52,24,PAIR_ISOLATED,54;52;58
1982,0,3,56,6,28,50,22,PAIR_ISOLATED,62;50;50
1982,0,3,56,7,28,52,24,PAIR_ISOLATED,52;52;52
1982,0,3,56,8,28,52,24,PAIR_ISOLATED,52;60;54
1982,0,3,56,9,28,52,24,PAIR_ISOLATED,58;52;60
1982,0,4,50,0,25,51,26,PAIR_ISOLATED,55;53;51
1982,0,4,50,1,25,45,20,PAIR_ISOLATED,57;45;57
1982,0,4,50,2,25,49,24,PAIR_ISOLATED,49;55;63
1982,0,4,50,3,25,53,28,PAIR_ISOLATED,53;55;55
1982,0,4,50,4,25,49,24,PAIR_ISOLATED,49;57;57
1982,0,4,50,5,25,49,24,PAIR_ISOLATED,55;49;49
1982,0,4,50,6,25,47,22,PAIR_ISOLATED,47;53;57
1982,0,4,50,7,25,49,24,PAIR_ISOLATED,49;51;57
1982,0,4,50,8,25,49,24,PAIR_ISOLATED,53;49;57
1982,0,4,50,9,25,47,22,PAIR_ISOLATED,51;47;53
1982,1,2,48,0,24,50,26,PAIR_ISOLATED,52;52;50
1982,1,2,48,1,24,50,26,PAIR_ISOLATED,56;50;52
1982,1,2,48,2,24,48,24,PAIR_ISOLATED,58;52;48
1982,1,2,48,3,24,44,20,PAIR_ISOLATED,62;46;44
1982,1,2,48,4,24,48,24,PAIR_ISOLATED,52;48;50
1982,1,2,48,5,24,46,22,PAIR_ISOLATED,54;52;46
1982,1,2,48,6,24,48,24,PAIR_ISOLATED,58;50;48
1982,1,2,48,7,24,46,22,PAIR_ISOLATED,60;46;56
1982,1,2,48,8,24,44,20,PAIR_ISOLATED,56;58;44
1982,1,2,48,9,24,46,22,PAIR_ISOLATED,56;46;46
1982,1,3,54,0,27,51,24,PAIR_ISOLATED,55;51;51
1982,1,3,54,1,27,47,20,PAIR_ISOLATED,51;47;51
1982,1,3,54,2,27,45,18,PAIR_ISOLATED,59;45;49
1982,1,3,54,3,27,39,12,PAIR_ISOLATED,61;39;53
1982,1,3,54,4,27,45,18,PAIR_ISOLATED,57;49;45
1982,1,3,54,5,27,49,22,PAIR_ISOLATED,53;51;49
1982,1,3,54,6,27,43,16,PAIR_ISOLATED,53;43;51
1982,1,3,54,7,27,39,12,PAIR_ISOLATED,57;39;45
1982,1,3,54,8,27,49,22,PAIR_ISOLATED,51;49;51
1982,1,3,54,9,27,47,20,PAIR_ISOLATED,51;47;55
1982,1,4,48,0,24,42,18,PAIR_ISOLATED,56;42;58
1982,1,4,48,1,24,46,22,PAIR_ISOLATED,48;48;46
1982,1,4,48,2,24,42,18,PAIR_ISOLATED,46;42;54
1982,1,4,48,3,24,50,26,PAIR_ISOLATED,50;50;62
1982,1,4,48,4,24,44,20,PAIR_ISOLATED,58;44;54
1982,1,4,48,5,24,50,26,PAIR_ISOLATED,52;50;52
1982,1,4,48,6,24,42,18,PAIR_ISOLATED,46;42;54
1982,1,4,48,7,24,50,26,PAIR_ISOLATED,52;52;50
1982,1,4,48,8,24,48,24,PAIR_ISOLATED,52;48;50
1982,1,4,48,9,24,44,20,PAIR_ISOLATED,56;44;50
1982,2,3,44,0,22,44,22,PAIR_ISOLATED,50;56;44
1982,2,3,44,1,22,48,26,PAIR_ISOLATED,52;54;48
1982,2,3,44,2,22,48,26,PAIR_ISOLATED,52;48;48
1982,2,3,44,3,22,48,26,PAIR_ISOLATED,54;48;54
1982,2,3,44,4,22,48,26,PAIR_ISOLATED,56;54;48
1982,2,3,44,5,22,48,26,PAIR_ISOLATED,60;48;52
1982,2,3,44,6,22,44,22,PAIR_ISOLATED,54;50;44
1982,2,3,44,7,22,46,24,PAIR_ISOLATED,56;58;46
1982,2,3,44,8,22,46,24,PAIR_ISOLATED,54;50;46
1982,2,3,44,9,22,52,30,PAIR_ISOLATED,54;52;52
1982,2,4,44,0,22,44,22,PAIR_ISOLATED,62;50;44
1982,2,4,44,1,22,48,26,PAIR_ISOLATED,58;50;48
1982,2,4,44,2,22,44,22,PAIR_ISOLATED,50;44;50
1982,2,4,44,3,22,46,24,PAIR_ISOLATED,50;46;52
1982,2,4,44,4,22,46,24,PAIR_ISOLATED,52;48;46
1982,2,4,44,5,22,48,26,PAIR_ISOLATED,56;48;48
1982,2,4,44,6,22,46,24,PAIR_ISOLATED,50;46;48
1982,2,4,44,7,22,48,26,PAIR_ISOLATED,56;48;48
1982,2,4,44,8,22,48,26,PAIR_ISOLATED,52;48;56
1982,2,4,44,9,22,46,24,PAIR_ISOLATED,50;48;46
1982,3,4,52,0,26,42,16,PAIR_ISOLATED,56;50;42
1982,3,4,52,1,26,44,18,PAIR_ISOLATED,50;56;44
1982,3,4,52,2,26,40,14,PAIR_ISOLATED,50;52;40
1982,3,4,52,3,26,42,16,PAIR_ISOLATED,58;48;42
1982,3,4,52,4,26,42,16,PAIR_ISOLATED,56;50;42
1982,3,4,52,5,26,48,22,PAIR_ISOLATED,54;54;48
1982,3,4,52,6,26,44,18,PAIR_ISOLATED,54;44;46
1982,3,4,52,7,26,44,18,PAIR_ISOLATED,48;54;44
1982,3,4,52,8,26,48,22,PAIR_ISOLATED,54;56;48
1982,3,4,52,9,26,40,14,PAIR_ISOLATED,50;48;40
1983,0,2,48,0,24,47,23,PAIR_ISOLATED,47;49;53
1983,0,2,48,1,24,47,23,PAIR_ISOLATED,55;53;47
1983,0,2,48,2,24,51,27,PAIR_ISOLATED,57;53;51
1983,0,2,48,3,24,51,27,PAIR_ISOLATED,55;51;53
1983,0,2,48,4,24,49,25,PAIR_ISOLATED,49;49;53
1983,0,2,48,5,24,47,23,PAIR_ISOLATED,49;47;51
1983,0,2,48,6,24,49,25,PAIR_ISOLATED,49;49;53
1983,0,2,48,7,24,51,27,PAIR_ISOLATED,51;51;51
1983,0,2,48,8,24,49,25,PAIR_ISOLATED,53;51;49
1983,0,2,48,9,24,47,23,PAIR_ISOLATED,51;51;47
1983,1,3,50,0,25,47,22,PAIR_ISOLATED,56;56;47
1983,1,3,50,1,25,47,22,PAIR_ISOLATED,56;56;47
1983,1,3,50,2,25,54,29,PAIR_ISOLATED,56;54;55
1983,1,3,50,3,25,49,24,PAIR_ISOLATED,56;52;49
1983,1,3,50,4,25,45,20,PAIR_ISOLATED,64;54;45
1983,1,3,50,5,25,48,23,PAIR_ISOLATED,48;52;59
1983,1,3,50,6,25,45,20,PAIR_ISOLATED,56;52;45
1983,1,3,50,7,25,53,28,PAIR_ISOLATED,56;56;53
1983,1,3,50,8,25,48,23,PAIR_ISOLATED,52;48;51
1983,1,3,50,9,25,48,23,PAIR_ISOLATED,52;48;49
1983,1,4,48,0,24,47,23,PAIR_ISOLATED,61;47;50
1983,1,4,48,1,24,43,19,PAIR_ISOLATED,55;43;46
1983,1,4,48,2,24,48,24,PAIR_ISOLATED,59;49;48
1983,1,4,48,3,24,47,23,PAIR_ISOLATED,59;47;50
1983,1,4,48,4,24,51,27,PAIR_ISOLATED,59;51;52
1983,1,4,48,5,24,47,23,PAIR_ISOLATED,49;47;54
1983,1,4,48,6,24,52,28,PAIR_ISOLATED,57;53;52
1983,1,4,48,7,24,45,21,PAIR_ISOLATED,53;45;48
1983,1,4,48,8,24,45,21,PAIR_ISOLATED,53;45;52
1983,1,4,48,9,24,45,21,PAIR_ISOLATED,53;45;56
1983,3,4,50,0,25,45,20,PAIR_ISOLATED,54;45;48
1983,3,4,50,1,25,43,18,PAIR_ISOLATED,54;43;50
1983,3,4,50,2,25,50,25,PAIR_ISOLATED,56;53;50
1983,3,4,50,3,25,46,21,PAIR_ISOLATED,56;47;46
1983,3,4,50,4,25,50,25,PAIR_ISOLATED,60;55;50
1983,3,4,50,5,25,52,27,PAIR_ISOLATED,56;53;52
1983,3,4,50,6,25,49,24,PAIR_ISOLATED,60;49;52
1983,3,4,50,7,25,46,21,PAIR_ISOLATED,58;47;46
1983,3,4,50,8,25,46,21,PAIR_ISOLATED,52;49;46
1983,3,4,50,9,25,48,23,PAIR_ISOLATED,54;51;48
1984,0,1,54,0,27,45,18,PAIR_ISOLATED,55;54;45
1984,0,1,54,1,27,50,23,PAIR_ISOLATED,55;50;51
1984,0,1,54,2,27,43,16,PAIR_ISOLATED,53;46;43
1984,0,1,54,3,27,51,24,PAIR_ISOLATED,51;52;55
1984,0,1,54,4,27,45,18,PAIR_ISOLATED,51;48;45
1984,0,1,54,5,27,51,24,PAIR_ISOLATED,51;54;53
1984,0,1,54,6,27,51,24,PAIR_ISOLATED,53;54;51
1984,0,1,54,7,27,48,21,PAIR_ISOLATED,51;48;51
1984,0,1,54,8,27,49,22,PAIR_ISOLATED,59;50;49
1984,0,1,54,9,27,51,24,PAIR_ISOLATED,57;56;51
1984,0,2,56,0,28,47,19,PAIR_ISOLATED,52;47;54
1984,0,2,56,1,28,46,18,PAIR_ISOLATED,52;53;46
1984,0,2,56,2,28,46,18,PAIR_ISOLATED,64;55;46
1984,0,2,56,3,28,50,22,PAIR_ISOLATED,50;61;56
1984,0,2,56,4,28,48,20,PAIR_ISOLATED,48;51;48
1984,0,2,56,5,28,48,20,PAIR_ISOLATED,56;53;48
1984,0,2,56,6,28,47,19,PAIR_ISOLATED,48;47;52
1984,0,2,56,7,28,44,16,PAIR_ISOLATED,54;51;44
1984,0,2,56,8,28,52,24,PAIR_ISOLATED,56;57;52
1984,0,2,56,9,28,56,28,PAIR_ISOLATED,56;59;56
1984,0,4,50,0,25,46,21,PAIR_ISOLATED,49;51;46
1984,0,4,50,1,25,46,21,PAIR_ISOLATED,51;51;46
1984,0,4,50,2,25,42,17,PAIR_ISOLATED,53;55;42
1984,0,4,50,3,25,46,21,PAIR_ISOLATED,57;53;46
1984,0,4,50,4,25,42,17,PAIR_ISOLATED,51;53;42
1984,0,4,50,5,25,46,21,PAIR_ISOLATED,51;57;46
1984,0,4,50,6,25,44,19,PAIR_ISOLATED,51;55;44
1984,0,4,50,7,25,46,21,PAIR_ISOLATED,55;51;46
1984,0,4,50,8,25,44,19,PAIR_ISOLATED,55;57;44
1984,0,4,50,9,25,40,15,PAIR_ISOLATED,49;57;40
1984,1,2,50,0,25,49,24,PAIR_ISOLATED,55;50;49
1984,1,2,50,1,25,53,28,PAIR_ISOLATED,55;54;53
1984,1,2,50,2,25,51,26,PAIR_ISOLATED,55;60;51
1984,1,2,50,3,25,48,23,PAIR_ISOLATED,53;48;55
1984,1,2,50,4,25,49,24,PAIR_ISOLATED,49;56;53
1984,1,2,50,5,25,47,22,PAIR_ISOLATED,55;54;47
1984,1,2,50,6,25,48,23,PAIR_ISOLATED,55;48;49
1984,1,2,50,7,25,51,26,PAIR_ISOLATED,59;56;51
1984,1,2,50,8,25,53,28,PAIR_ISOLATED,57;60;53
1984,1,2,50,9,25,53,28,PAIR_ISOLATED,57;58;53
1984,1,4,50,0,25,46,21,PAIR_ISOLATED,53;51;46
1984,1,4,50,1,25,46,21,PAIR_ISOLATED,53;55;46
1984,1,4,50,2,25,47,22,PAIR_ISOLATED,55;47;48
1984,1,4,50,3,25,44,19,PAIR_ISOLATED,53;51;44
1984,1,4,50,4,25,42,17,PAIR_ISOLATED,51;47;42
1984,1,4,50,5,25,44,19,PAIR_ISOLATED,57;49;44
1984,1,4,50,6,25,46,21,PAIR_ISOLATED,53;59;46
1984,1,4,50,7,25,40,15,PAIR_ISOLATED,51;53;40
1984,1,4,50,8,25,38,13,PAIR_ISOLATED,45;49;38
1984,1,4,50,9,25,42,17,PAIR_ISOLATED,51;55;42
1984,2,4,54,0,27,46,19,PAIR_ISOLATED,47;51;46
1984,2,4,54,1,27,46,19,PAIR_ISOLATED,51;47;46
1984,2,4,54,2,27,47,20,PAIR_ISOLATED,51;47;50
1984,2,4,54,3,27,44,17,PAIR_ISOLATED,49;47;44
1984,2,4,54,4,27,47,20,PAIR_ISOLATED,55;47;52
1984,2,4,54,5,27,44,17,PAIR_ISOLATED,53;45;44
1984,2,4,54,6,27,45,18,PAIR_ISOLATED,57;45;52
1984,2,4,54,7,27,44,17,PAIR_ISOLATED,53;55;44
1984,2,4,54,8,27,38,11,PAIR_ISOLATED,53;49;38
1984,2,4,54,9,27,48,21,PAIR_ISOLATED,49;53;48
